Compra,Genero
Compra,Femenino
Compra,Femenino
Compra,Femenino
Compra,Femenino
Compra,Femenino
Compra,Femenino
Compra,Femenino
Compra,Femenino
Compra,Femenino
Compra,Femenino
Compra,Femenino
Compra,Femenino
Compra,Femenino
Compra,Femenino
Compra,Femenino
Compra,Femenino
Compra,Femenino
Compra,Femenino
Compra,Femenino
Compra,Femenino
Compra,Femenino
Compra,Femenino
Compra,Femenino
Compra,Femenino
Compra,Femenino
Compra,Femenino
Compra,Femenino
Compra,Femenino
Compra,Femenino
Compra,Femenino
Compra,Femenino
Compra,Femenino
Compra,Femenino
Compra,Femenino
Compra,Femenino
Compra,Femenino
Compra,Femenino
Compra,Femenino
Compra,Femenino
Compra,Femenino
Compra,Femenino
Compra,Femenino
Compra,Femenino
Compra,Femenino
Compra,Femenino
Compra,Femenino
No Compra,Femenino
No Compra,Femenino
No Compra,Femenino
No Compra,Femenino
No Compra,Femenino
No Compra,Femenino
No Compra,Femenino
No Compra,Femenino
No Compra,Femenino
No Compra,Femenino
Compra,Masculino
Compra,Masculino
Compra,Masculino
Compra,Masculino
Compra,Masculino
Compra,Masculino
Compra,Masculino
Compra,Masculino
Compra,Masculino
Compra,Masculino
Compra,Masculino
Compra,Masculino
Compra,Masculino
No Compra,Masculino
No Compra,Masculino
No Compra,Masculino
No Compra,Masculino
No Compra,Masculino
No Compra,Masculino
No Compra,Masculino
No Compra,Masculino
No Compra,Masculino
No Compra,Masculino
No Compra,Masculino